Chunk Size,Time Taken (s)
1000,1026.7601907253265
5000,460.9201545715332
10000,315.9489195346832
20000,218.44415974617004
50000,135.00238466262817
